image_ID,label
f5e13966e7.jpg,Soccer
6674191b4e.jpg,Soccer
91b5f8b7a9.jpg,Cricket
393119b6d6.jpg,Wrestling
1ce5f81578.jpg,Badminton
8c9e95eb59.jpg,Tennis
f5c4a3ece2.jpg,Cricket
a7a22f6620.jpg,Wrestling
821464f525.jpg,Swimming
29c70c8531.jpg,Cricket
f99dcdcdac.jpg,Swimming
58b8d567a2.jpg,Soccer
5fbcd907ac.jpg,Badminton
d8690610b7.jpg,Cricket
3e591b7256.jpg,Wrestling
c5065.jpg,Tennis
ae1e0697c2.jpg,Soccer
b8acab470f.jpg,Wrestling
6f17058e16.jpg,Cricket
94f723c3a8.jpg,Cricket
d502726386.jpg,Cricket
f50ed5556e.jpg,Wrestling
5c1ffc10ae.jpg,Wrestling
f1cccfa008.jpg,Cricket
9603bc4d5c.jpg,Wrestling
4332b05fa1.jpg,Karate
6102103602.jpg,Cricket
8bc72b9d92.jpg,Badminton
8a8be9a84a.jpg,Cricket
697fbcd913.jpg,Wrestling
ff678059be.jpg,Soccer
158c0604f5.jpg,Badminton
c1ba535509.jpg,Cricket
3563774f0b.jpg,Soccer
ca7e997ca9.jpg,Cricket
094d51e775.jpg,Tennis
3c51b6fd9b.jpg,Wrestling
443225bdfa.jpg,Cricket
dfc7e83003.jpg,Badminton
0432543264.jpg,Swimming
b290d60b6e.jpg,Badminton
2358575b3a.jpg,Tennis
b8b90eaa84.jpg,Karate
2633d9c6d5.jpg,Badminton
1f40f8e919.jpg,Cricket
ea0be4fa1e.jpg,Tennis
4c02df673d.jpg,Cricket
2c0fa18414.jpg,Soccer
d5773bc10b.jpg,Wrestling
a7ab7a4457.jpg,Badminton
12ab916f43.jpg,Cricket
284c7c3962.jpg,Karate
02bb3f939c.jpg,Wrestling
fce00b7d8e.jpg,Tennis
b9cf70182d.jpg,Cricket
ea6c132654.jpg,Cricket
5d904a119b.jpg,Swimming
1fc178b1ba.jpg,Badminton
9449bbced6.jpg,Cricket
0253d388e8.jpg,Badminton
d013f3eaad.jpg,Wrestling
2fdf7198de.jpg,Karate
9e92280b0f.jpg,Soccer
85c2aa4aef.jpg,Karate
f1e2f8e518.jpg,Tennis
bcd2b6e47d.jpg,Soccer
10c52746f1.jpg,Badminton
047bee516b.jpg,Karate
de2592e4a9.jpg,Badminton
a4b717b0e4.jpg,Badminton
79273c3d3f.jpg,Badminton
b1a0aeb6b9.jpg,Karate
ef46a5f464.jpg,Wrestling
46bcdaf13a.jpg,Cricket
ae96bbf4b9.jpg,Wrestling
36708ac733.jpg,Cricket
4e61ea0ae2.jpg,Wrestling
501d7933c5.jpg,Tennis
95951579b8.jpg,Soccer
902a278d61.jpg,Wrestling
509ebf97c4.jpg,Wrestling
e0949da56a.jpg,Soccer
ac6a288656.jpg,Wrestling
148accb9df.jpg,Badminton
e237b57f3f.jpg,Cricket
d13fb4951d.jpg,Wrestling
3859142fe4.jpg,Tennis
521f5667c3.jpg,Tennis
35cfa832dc.jpg,Cricket
e7b424d5f6.jpg,Tennis
c23.jpg,Cricket
111535acc7.jpg,Soccer
832d297bd0.jpg,Cricket
c0ad0677d7.jpg,Tennis
537af2804c.jpg,Wrestling
9ee1c03c35.jpg,Wrestling
20981dfad1.jpg,Badminton
decc6bbca8.jpg,Wrestling
85660e39f5.jpg,Karate
cefb33b817.jpg,Karate
540bb1ee2d.jpg,Badminton
2112eb3e5b.jpg,Wrestling
a874d63c4c.jpg,Cricket
c02f55d9d7.jpg,Badminton
ff2b77899b.jpg,Badminton
6b0f793f80.jpg,Tennis
bfc234d1f5.jpg,Wrestling
a9ae70ab73.jpg,Badminton
e64660380b.jpg,Swimming
dfcb666720.jpg,Karate
aa89d05f07.jpg,Wrestling
94d8290643.jpg,Cricket
067dcbeb6e.jpg,Soccer
f41bbee60c.jpg,Tennis
4a79ecd1bc.jpg,Soccer
05a48a20a3.jpg,Badminton
c5046.jpg,Cricket
acc6e40b0e.jpg,Tennis
fcefc8cf2e.jpg,Swimming
feec680f6c.jpg,Soccer
6213fa0a56.jpg,Wrestling
1c7ee23faa.jpg,Badminton
9a57609225.jpg,Cricket
1215aae97f.jpg,Soccer
d30f763173.jpg,Badminton
b7bb53fefd.jpg,Soccer
f7e877ef5f.jpg,Cricket
c74f8a9bed.jpg,Soccer
f7b0dea3a9.jpg,Cricket
0e471ed376.jpg,Badminton
7d7f2e4fac.jpg,Soccer
660f58688c.jpg,Tennis
df6bee21e5.jpg,Tennis
a3116c25a6.jpg,Cricket
95cdaa156a.jpg,Soccer
169be9bfda.jpg,Swimming
966e7277da.jpg,Tennis
a6b76b2afb.jpg,Wrestling
caa18e0a8e.jpg,Cricket
cadc80f2aa.jpg,Cricket
00f9a096fe.jpg,Cricket
c372890846.jpg,Soccer
56f9125e90.jpg,Cricket
491529dc2a.jpg,Cricket
34bbf1ab6a.jpg,Swimming
68facb8827.jpg,Badminton
fef303a422.jpg,Cricket
fad6b8d230.jpg,Badminton
9c446b3fbf.jpg,Wrestling
33c9a9e430.jpg,Wrestling
2fa8831d62.jpg,Badminton
7c05d0b1b9.jpg,Cricket
f57a94ceca.jpg,Cricket
2a709d9c30.jpg,Swimming
7cdf6d4a6e.jpg,Soccer
dd9ee2cd32.jpg,Swimming
261924c60e.jpg,Badminton
aad7ba764c.jpg,Badminton
e201969cd7.jpg,Swimming
8a991aabfb.jpg,Cricket
4eb570fae2.jpg,Wrestling
88af48aa4a.jpg,Karate
4aeb93c49b.jpg,Cricket
446a9791ef.jpg,Cricket
c17d54f9e3.jpg,Tennis
5789baf695.jpg,Cricket
bd07a62f03.jpg,Soccer
49c409642c.jpg,Wrestling
8840df7cc4.jpg,Badminton
413e53070f.jpg,Soccer
66c75b0621.jpg,Tennis
90812e3b0c.jpg,Badminton
9fddbaf4ac.jpg,Tennis
722b00ccf3.jpg,Soccer
c972d59128.jpg,Tennis
27ccf4d626.jpg,Wrestling
0886a038ef.jpg,Swimming
026ed5c7a0.jpg,Tennis
a899cc9d22.jpg,Wrestling
2ba34dfe03.jpg,Wrestling
bfe467928c.jpg,Swimming
68d9ff7d2b.jpg,Cricket
2142dbc515.jpg,Karate
fb9a5d4675.jpg,Soccer
1f77b2f7ef.jpg,Cricket
74304b545e.jpg,Wrestling
c1b545814f.jpg,Cricket
93f6573751.jpg,Swimming
7037a0ab8b.jpg,Badminton
ec98520bdd.jpg,Soccer
98cbf85438.jpg,Wrestling
8b8128005b.jpg,Wrestling
9339e3f4dc.jpg,Badminton
6f502e7a79.jpg,Wrestling
f7733c876a.jpg,Wrestling
0668af9642.jpg,Swimming
b056f1f9bd.jpg,Soccer
5e2050af87.jpg,Wrestling
a05b4f2bc1.jpg,Cricket
b124.jpg,Badminton
758525ccc5.jpg,Tennis
23035dc30b.jpg,Soccer
9f965c9526.jpg,Wrestling
eab9454e3b.jpg,Wrestling
35583a7676.jpg,Badminton
bbbdb9e4d2.jpg,Wrestling
365eeae25b.jpg,Badminton
5f3dc6b9d1.jpg,Swimming
b35b49c645.jpg,Cricket
160240c80a.jpg,Swimming
4c41436efd.jpg,Wrestling
7f537b277c.jpg,Wrestling
4822600ff3.jpg,Soccer
1a477f74b9.jpg,Cricket
6b21d59ab1.jpg,Cricket
b754f37487.jpg,Badminton
1afdd97bab.jpg,Wrestling
b32.jpg,Wrestling
cd504d19f5.jpg,Swimming
110c07b91b.jpg,Soccer
e7bc17847d.jpg,Karate
b104.jpg,Cricket
21179ebce1.jpg,Badminton
78cf7f50ef.jpg,Wrestling
7b7dae8975.jpg,Tennis
ed1b784285.jpg,Wrestling
a23a6e528d.jpg,Soccer
b119.jpg,Karate
d022fdde52.jpg,Badminton
e634492a78.jpg,Swimming
c3013.jpg,Soccer
d5544e90aa.jpg,Karate
7fc4b21607.jpg,Swimming
0e92461355.jpg,Wrestling
eb77a1f71c.jpg,Wrestling
f44432f7e1.jpg,Badminton
768b1e3a89.jpg,Wrestling
180f710896.jpg,Soccer
e5c92f5806.jpg,Soccer
976e8009cd.jpg,Swimming
37d87c4a9c.jpg,Karate
9547023144.jpg,Wrestling
c96f8ae479.jpg,Badminton
5a61989e09.jpg,Wrestling
8ec0adf8ce.jpg,Badminton
0d2bc8a6cc.jpg,Cricket
b64d548795.jpg,Cricket
2fd5ba9dad.jpg,Soccer
3f52a6901f.jpg,Cricket
9b77a9a056.jpg,Wrestling
ad1d8c62ec.jpg,Wrestling
8fd10f96f1.jpg,Soccer
a181daf0af.jpg,Badminton
e0ce8e7c4e.jpg,Soccer
a861b41220.jpg,Soccer
7b15dbfa37.jpg,Soccer
0fca6fc7bb.jpg,Soccer
5655ce129d.jpg,Tennis
cf9e66bdb4.jpg,Wrestling
76aa04aa18.jpg,Tennis
9d12b35255.jpg,Karate
f920a2117d.jpg,Cricket
c8012.jpg,Cricket
56b5141f10.jpg,Cricket
c40199920a.jpg,Swimming
df8941cfa7.jpg,Cricket
bbe329b681.jpg,Wrestling
919e9b5587.jpg,Badminton
9357e19dc5.jpg,Wrestling
3fa6a74d75.jpg,Soccer
c9d7a1b3ff.jpg,Karate
fee8369cf8.jpg,Swimming
cb5b1fb769.jpg,Tennis
1835c68967.jpg,Wrestling
9550056194.jpg,Tennis
074427b011.jpg,Tennis
880421e877.jpg,Wrestling
215a647085.jpg,Cricket
139e108a14.jpg,Cricket
5f8b51376e.jpg,Swimming
82132ec2ad.jpg,Cricket
9cdf482fdd.jpg,Wrestling
0a7f6a13fb.jpg,Badminton
3ded4e7e6a.jpg,Soccer
fea989c7ca.jpg,Cricket
8b1f41b176.jpg,Cricket
99aa1be03e.jpg,Wrestling
6bc2fc859e.jpg,Tennis
98baa5bbfa.jpg,Swimming
3719bdc0bc.jpg,Wrestling
157c299a95.jpg,Soccer
9012490854.jpg,Wrestling
3ba086fb6c.jpg,Karate
63452153e7.jpg,Wrestling
463cfbe735.jpg,Tennis
c762fe308e.jpg,Soccer
730a467265.jpg,Wrestling
bf9c367b70.jpg,Karate
90182cfa3a.jpg,Soccer
193d1a0aeb.jpg,Tennis
cf57fea014.jpg,Karate
94349c5f99.jpg,Cricket
b47baa03f3.jpg,Badminton
c3065.jpg,Badminton
6ec3e0f92b.jpg,Cricket
996e2d16b2.jpg,Wrestling
61aca28ba9.jpg,Swimming
44a0e49d36.jpg,Cricket
8556f08bdd.jpg,Cricket
c3070.jpg,Cricket
ca8f12bc7a.jpg,Tennis
6f0521ebb0.jpg,Wrestling
ade8502879.jpg,Wrestling
ea233d6780.jpg,Wrestling
7c02cb9203.jpg,Wrestling
13701746c0.jpg,Karate
3b97e9da2f.jpg,Soccer
c8845963a2.jpg,Cricket
3be1bdb086.jpg,Badminton
e5242623f6.jpg,Badminton
e6cfd99252.jpg,Cricket
d4b99305de.jpg,Cricket
851a152c30.jpg,Cricket
29f8155388.jpg,Cricket
5ec100f485.jpg,Tennis
f7a3450cf3.jpg,Soccer
cc47f0ae02.jpg,Tennis
97b34670c4.jpg,Cricket
127697edd4.jpg,Cricket
91d79931cd.jpg,Soccer
c072528c17.jpg,Cricket
2d0076e468.jpg,Cricket
563e7773b6.jpg,Cricket
64cbd12680.jpg,Tennis
af02bd31cd.jpg,Cricket
b9da65d5d6.jpg,Wrestling
eaa5d144da.jpg,Swimming
7ef9dd9ee5.jpg,Soccer
fcdf0a1773.jpg,Badminton
b87.jpg,Wrestling
a5a5ed90fb.jpg,Badminton
43b51aa9ce.jpg,Tennis
2dc03269e9.jpg,Wrestling
8776eca218.jpg,Badminton
7370ac037b.jpg,Wrestling
79fdaa06f4.jpg,Soccer
fec63ba16d.jpg,Cricket
03345fcf40.jpg,Soccer
3e20926e5c.jpg,Badminton
2cadadcb55.jpg,Wrestling
a1b1a62e36.jpg,Karate
dd15a92ce3.jpg,Swimming
a3d0be05f1.jpg,Wrestling
225731cfb6.jpg,Swimming
204e087ad6.jpg,Tennis
bd893090c5.jpg,Swimming
1b18651515.jpg,Karate
840f3d2df7.jpg,Wrestling
8aad9cfd08.jpg,Cricket
96142154de.jpg,Tennis
de2a24a38b.jpg,Wrestling
54fd8c575f.jpg,Swimming
e9f78e33c6.jpg,Swimming
a80a26a941.jpg,Cricket
2574b15b63.jpg,Cricket
6f8e6d81cb.jpg,Swimming
5c67cce212.jpg,Cricket
688d6002da.jpg,Cricket
85e75ac1ba.jpg,Badminton
bd96ee6a11.jpg,Soccer
ff65854401.jpg,Cricket
9b695460eb.jpg,Soccer
27c5951e62.jpg,Karate
d666848bb8.jpg,Badminton
25abca89d7.jpg,Wrestling
3817993365.jpg,Wrestling
bfe6ec14e0.jpg,Wrestling
a8deba7eaa.jpg,Soccer
8acf93805c.jpg,Karate
0857591337.jpg,Soccer
69d121f94f.jpg,Cricket
1e982ce589.jpg,Swimming
23b58d7845.jpg,Tennis
2386d776b7.jpg,Cricket
a0e026567f.jpg,Badminton
802d0db61d.jpg,Wrestling
e173336bac.jpg,Wrestling
bcdc7d1b19.jpg,Tennis
eb23116876.jpg,Wrestling
3ff76a89ab.jpg,Badminton
e0849bb133.jpg,Soccer
27f63cbb03.jpg,Wrestling
f98a5e3083.jpg,Wrestling
2c0fc2b421.jpg,Soccer
81aa109306.jpg,Tennis
b5.jpg,Badminton
0d3b02ebca.jpg,Wrestling
045dd27f51.jpg,Wrestling
ecdcc0bf7b.jpg,Tennis
0646b77820.jpg,Cricket
8c6e3d98eb.jpg,Swimming
851dbc442e.jpg,Wrestling
85c0a5471e.jpg,Wrestling
697e51f817.jpg,Wrestling
b004612ecf.jpg,Swimming
1f1e9d5c02.jpg,Badminton
c8007.jpg,Cricket
2340f2454f.jpg,Tennis
531e2e9a64.jpg,Cricket
2bcbd2e0ff.jpg,Soccer
0b04a0293f.jpg,Cricket
a593c0f0f8.jpg,Wrestling
3f0d54e833.jpg,Soccer
bf3a500081.jpg,Wrestling
c1005.jpg,Wrestling
22bc7d0f64.jpg,Cricket
b2a64302a4.jpg,Cricket
7672e6671b.jpg,Cricket
9d4858daae.jpg,Wrestling
b76b84421a.jpg,Wrestling
6bdbf7a681.jpg,Soccer
4500a1998e.jpg,Karate
13eae31124.jpg,Wrestling
ddada5fc0b.jpg,Badminton
8aced4f7aa.jpg,Wrestling
6daaa8cc80.jpg,Soccer
f99cff5628.jpg,Badminton
f08948d00d.jpg,Soccer
5ec7cebd73.jpg,Soccer
27d003747f.jpg,Soccer
ee757727a1.jpg,Cricket
55dccb8c14.jpg,Cricket
e2be4b46af.jpg,Soccer
0fc995a349.jpg,Wrestling
4c5c288c0d.jpg,Soccer
1ecdc41913.jpg,Tennis
e3810a0941.jpg,Wrestling
a531418a5b.jpg,Badminton
972aab3209.jpg,Tennis
240df9435e.jpg,Soccer
2067b29127.jpg,Soccer
ae66cbf33a.jpg,Tennis
88e4ffcfde.jpg,Soccer
2dccb9ad72.jpg,Swimming
550638f455.jpg,Cricket
ba8854c976.jpg,Soccer
f139f2338a.jpg,Wrestling
bf386274b1.jpg,Wrestling
c3043.jpg,Soccer
422f4e5200.jpg,Cricket
10517fff80.jpg,Wrestling
b11a4a5eac.jpg,Cricket
24a947de09.jpg,Badminton
4264ff86d3.jpg,Cricket
16400d9513.jpg,Tennis
058f8aa5eb.jpg,Cricket
d0af8dead8.jpg,Soccer
c81216d146.jpg,Badminton
1699293461.jpg,Cricket
d517646ca4.jpg,Cricket
5714adce1b.jpg,Tennis
e13c446c19.jpg,Wrestling
501cf55da6.jpg,Wrestling
12c0241f6e.jpg,Cricket
fd366e14df.jpg,Soccer
b5c2d5f96d.jpg,Soccer
e4c9cdce9e.jpg,Soccer
a47f0cd769.jpg,Karate
183f041e0d.jpg,Wrestling
7dda610569.jpg,Swimming
3b6aa7f0a2.jpg,Cricket
a608119fe3.jpg,Badminton
ece5a9f705.jpg,Tennis
f8df82cba2.jpg,Badminton
b92.jpg,Cricket
af64fcbd26.jpg,Cricket
f68e319230.jpg,Wrestling
9a7f75e22a.jpg,Tennis
0a19836901.jpg,Cricket
354e921c73.jpg,Soccer
6f8cec3c35.jpg,Soccer
29bf37cb76.jpg,Cricket
154c22f45f.jpg,Tennis
ebf836e2b0.jpg,Cricket
644a147ca1.jpg,Tennis
cebbaa3285.jpg,Badminton
fb7d6e5c92.jpg,Soccer
0e5c28b872.jpg,Cricket
19522cfd0f.jpg,Soccer
7c63ddc81e.jpg,Cricket
f8d449b011.jpg,Soccer
58dfd51541.jpg,Wrestling
929d012790.jpg,Soccer
dcfc0f32ad.jpg,Wrestling
f5b2906981.jpg,Soccer
773447a306.jpg,Tennis
6cbeace04b.jpg,Soccer
2c44e1ef70.jpg,Cricket
cc3b3f2a8b.jpg,Soccer
c5.jpg,Soccer
45e26383d8.jpg,Badminton
62e54c0e72.jpg,Badminton
5925a2150a.jpg,Soccer
cc136abfb3.jpg,Soccer
0b3774ded8.jpg,Cricket
c45bc3babb.jpg,Tennis
186a67ca10.jpg,Karate
89686a3f14.jpg,Badminton
edafa8d1de.jpg,Swimming
55029f530c.jpg,Cricket
186a5934ba.jpg,Cricket
5c47bae9ae.jpg,Cricket
c078a4f148.jpg,Tennis
775762280a.jpg,Wrestling
9dfcd5f165.jpg,Badminton
01b33ff026.jpg,Badminton
3feaa3aeeb.jpg,Cricket
ef346d95e2.jpg,Soccer
b07060a4b2.jpg,Tennis
6aa8c42443.jpg,Cricket
be40e6042b.jpg,Tennis
cec3591e7e.jpg,Swimming
adee8f6f05.jpg,Wrestling
f0102113ce.jpg,Cricket
03fc6b05c9.jpg,Wrestling
65295cfce6.jpg,Cricket
f6f839cd1e.jpg,Badminton
71206678fc.jpg,Swimming
77f345b2fc.jpg,Wrestling
6c7a6e6e96.jpg,Badminton
64ff966eee.jpg,Badminton
cd2cc4fe51.jpg,Wrestling
7bf7df6391.jpg,Badminton
abc16341ee.jpg,Soccer
089fa227f9.jpg,Cricket
677c6b417e.jpg,Karate
fc856e9a27.jpg,Cricket
b23101959d.jpg,Badminton
87a4bace90.jpg,Cricket
e36fdadb6a.jpg,Tennis
23c33e47be.jpg,Soccer
00b1df8c4f.jpg,Badminton
b55a647735.jpg,Badminton
2dec0daa97.jpg,Swimming
8b8a475cbb.jpg,Cricket
768b57b93c.jpg,Tennis
32c4aef61d.jpg,Cricket
edc6eb0e20.jpg,Swimming
032375da4a.jpg,Tennis
f4f0d2316c.jpg,Wrestling
ae902e41b1.jpg,Wrestling
e3afd8e919.jpg,Wrestling
c176b40d8a.jpg,Badminton
7cbdefdae0.jpg,Soccer
7654597e31.jpg,Tennis
cc6222078a.jpg,Badminton
a2eef9dc62.jpg,Badminton
e65c214f2b.jpg,Tennis
828ff29e92.jpg,Soccer
7ee595c1b7.jpg,Soccer
d22a7bd173.jpg,Wrestling
7420c7ec90.jpg,Wrestling
d03ca3ee7f.jpg,Swimming
8dd3dd78a7.jpg,Wrestling
8009633c23.jpg,Soccer
b67a629bb4.jpg,Wrestling
396069fae1.jpg,Karate
fdd56dbac7.jpg,Cricket
8bfc70ddca.jpg,Wrestling
7cc5e4fc2f.jpg,Tennis
31dd1c2581.jpg,Wrestling
820ad9b8b9.jpg,Badminton
6e270e34db.jpg,Cricket
f72c935873.jpg,Tennis
854ee56aac.jpg,Soccer
bf6044f6ae.jpg,Tennis
a41a8a253d.jpg,Soccer
b8c1e66704.jpg,Cricket
44939b0a26.jpg,Soccer
be513cad26.jpg,Wrestling
63195cd9f0.jpg,Wrestling
8c9cbc8c82.jpg,Swimming
469be971a8.jpg,Tennis
b11e675b9f.jpg,Cricket
c43f94e103.jpg,Karate
19cda82965.jpg,Soccer
14abc286c0.jpg,Wrestling
7532abe0d6.jpg,Tennis
ad919b2c8f.jpg,Cricket
4ec2fc6ca3.jpg,Karate
c2d2c79d78.jpg,Swimming
c3059.jpg,Cricket
f0ab73a716.jpg,Cricket
a08e74eb3a.jpg,Badminton
f1e0d608b4.jpg,Karate
49933e2732.jpg,Soccer
b12.jpg,Soccer
ff85099592.jpg,Cricket
b1a30ee973.jpg,Swimming
6c6a114689.jpg,Wrestling
c9a0055b65.jpg,Badminton
00065391ce.jpg,Badminton
db42b892ff.jpg,Cricket
c741d93955.jpg,Soccer
b48.jpg,Soccer
7744e20fef.jpg,Wrestling
4bc839aefe.jpg,Wrestling
bd5690708e.jpg,Wrestling
c1001.jpg,Swimming
a6be100257.jpg,Cricket
dc8c40b8fc.jpg,Wrestling
e8d0563896.jpg,Cricket
eda1366dbc.jpg,Tennis
28e768ee00.jpg,Wrestling
1de2bd6401.jpg,Wrestling
b61fa12d3e.jpg,Cricket
13afbdccbf.jpg,Karate
198996dbef.jpg,Wrestling
9b03fa03e4.jpg,Soccer
6ed0e37136.jpg,Wrestling
0337edd3d1.jpg,Soccer
accf438220.jpg,Soccer
6e74c8d0f7.jpg,Cricket
c41da45929.jpg,Karate
d9afa0626e.jpg,Cricket
04b0c82991.jpg,Wrestling
7979aa2cd2.jpg,Cricket
249c6ddff7.jpg,Cricket
b5fb6638c1.jpg,Soccer
7f62442f9b.jpg,Soccer
4669023d0c.jpg,Badminton
4b12674fed.jpg,Wrestling
78ca54a647.jpg,Tennis
0f3a494cda.jpg,Tennis
b9815832a8.jpg,Badminton
214eca3f91.jpg,Cricket
fadb84fa4d.jpg,Badminton
bc780cb44a.jpg,Wrestling
f3f6e298ec.jpg,Wrestling
ce46b38e01.jpg,Soccer
c9d2b0a7d2.jpg,Tennis
bef7d51afd.jpg,Wrestling
f7d777d013.jpg,Tennis
8b57c181e9.jpg,Wrestling
122dcd6678.jpg,Tennis
62297c8e83.jpg,Tennis
320df1a39e.jpg,Wrestling
47a0ddab52.jpg,Tennis
481f3d4b42.jpg,Cricket
52d0414cc6.jpg,Soccer
1b89a5d510.jpg,Soccer
7de8e65c5c.jpg,Tennis
976578a73b.jpg,Wrestling
3445040e0d.jpg,Wrestling
278eb0a9ce.jpg,Cricket
8e6ff8d732.jpg,Cricket
54f894f8c8.jpg,Wrestling
a016ee981b.jpg,Soccer
6da913e4d4.jpg,Soccer
90e9cd01f4.jpg,Soccer
22c782ff6b.jpg,Wrestling
0e7dc921ab.jpg,Cricket
362e229b4d.jpg,Karate
b52.jpg,Wrestling
bd66bd6375.jpg,Tennis
0e16e50ee6.jpg,Wrestling
2d54d78f74.jpg,Soccer
6809fa3251.jpg,Cricket
704957ad44.jpg,Soccer
c7625631a0.jpg,Karate
ce302e2827.jpg,Tennis
8f66b938b6.jpg,Wrestling
13f71efe6e.jpg,Soccer
06bffb7e33.jpg,Badminton
4f0442c065.jpg,Wrestling
1da3dc2bdc.jpg,Wrestling
4cf900e3e4.jpg,Swimming
91c80b0ff6.jpg,Cricket
aaaa67b71d.jpg,Soccer
7293b50044.jpg,Soccer
e030e1cf47.jpg,Wrestling
b34.jpg,Cricket
f4a7d8e9dd.jpg,Swimming
3ffab5d3e2.jpg,Wrestling
3027f10f51.jpg,Wrestling
c3d1c865cb.jpg,Wrestling
bd2296cd94.jpg,Wrestling
fc0832850b.jpg,Karate
dca9d206fd.jpg,Cricket
c83239e00a.jpg,Wrestling
7f9ad7fe02.jpg,Tennis
81a6c5c70b.jpg,Cricket
1158700928.jpg,Badminton
44466b10ce.jpg,Tennis
1106935fa6.jpg,Wrestling
f05a933f8a.jpg,Wrestling
e01de83c21.jpg,Soccer
6ff3f09480.jpg,Badminton
7a786f1f9f.jpg,Cricket
198b636463.jpg,Badminton
7233ab621a.jpg,Badminton
a2aed70bda.jpg,Badminton
1c9592daf1.jpg,Soccer
c30c40e75d.jpg,Soccer
a60675ad07.jpg,Tennis
43e44c5627.jpg,Tennis
f29ddcb8a9.jpg,Tennis
62f7d596e1.jpg,Karate
6d2c7b36d0.jpg,Soccer
c0108.jpg,Cricket
c7289dda60.jpg,Cricket
58438dba03.jpg,Cricket
263e5044c8.jpg,Cricket
be3ab33a65.jpg,Karate
200f352e7f.jpg,Karate
2573c6c471.jpg,Cricket
d1a893cb17.jpg,Wrestling
6c4a5cd766.jpg,Karate
d6a7381b32.jpg,Badminton
daee1cce9e.jpg,Swimming
1047abb301.jpg,Swimming
9752d8f2a2.jpg,Badminton
f6a906971f.jpg,Badminton
29eb9af02f.jpg,Wrestling
f1e546a20c.jpg,Soccer
f6724b0648.jpg,Tennis
7199472630.jpg,Tennis
ed577dcb49.jpg,Wrestling
7d345a3633.jpg,Cricket
d1f50f6b1d.jpg,Karate
cccd6c6828.jpg,Wrestling
a6f8393716.jpg,Tennis
1f1deea201.jpg,Soccer
15e9b3b416.jpg,Wrestling
27ffa6f606.jpg,Tennis
0093b6cbc3.jpg,Cricket
d897b610e5.jpg,Tennis
74a7d76e50.jpg,Wrestling
9ba9815b1b.jpg,Swimming
67ccde1d5b.jpg,Cricket
ff81086e4b.jpg,Wrestling
df6b7ed5f0.jpg,Wrestling
586f520106.jpg,Badminton
c0e862ce9b.jpg,Wrestling
f1805926c2.jpg,Karate
0386d531f8.jpg,Cricket
f454f369e3.jpg,Wrestling
e8d6f8bf8c.jpg,Karate
a73480eafa.jpg,Wrestling
300e14de0f.jpg,Wrestling
b146354741.jpg,Wrestling
36d88a6d93.jpg,Cricket
4e283a9464.jpg,Wrestling
d33674a514.jpg,Cricket
e8496e58b8.jpg,Badminton
bc8dcfc181.jpg,Wrestling
7e4783224e.jpg,Cricket
e857a016e8.jpg,Cricket
d0a32723c8.jpg,Cricket
c5059.jpg,Tennis
8afd6d4c86.jpg,Tennis
fb35eae95d.jpg,Cricket
d0be39812f.jpg,Cricket
c5772f3643.jpg,Cricket
ffc89044bc.jpg,Soccer
a88ae31be3.jpg,Wrestling
2c9dedfa40.jpg,Tennis
4100cefc4a.jpg,Soccer
49370dfd26.jpg,Tennis
7d82112c37.jpg,Wrestling
838c08a5ce.jpg,Karate
c15.jpg,Cricket
5dbc5e77d6.jpg,Wrestling
9506153c13.jpg,Swimming
a86d189508.jpg,Cricket
036274a32a.jpg,Wrestling
41326a252e.jpg,Wrestling
b03775d0ca.jpg,Soccer
7bad37228b.jpg,Tennis
ed306d9dfd.jpg,Cricket
4aa9a8db67.jpg,Soccer
ad194be2d5.jpg,Badminton
c9c8c6aa12.jpg,Cricket
36ace7630a.jpg,Badminton
f3dd84f6c0.jpg,Cricket
0543818e52.jpg,Soccer
6bed2fa9e6.jpg,Wrestling
6ae0922a04.jpg,Wrestling
d6df17f7d6.jpg,Karate
eb150ef70c.jpg,Tennis
d3dd69d1f3.jpg,Wrestling
026117c40a.jpg,Swimming
b97.jpg,Badminton
f09180537e.jpg,Cricket
86bdf3557c.jpg,Cricket
62a3f43b3c.jpg,Tennis
c2026.jpg,Soccer
66b34df42f.jpg,Badminton
54b2b981dc.jpg,Wrestling
b06125b90f.jpg,Tennis
9f5ddcc89d.jpg,Cricket
bf44895f5c.jpg,Wrestling
fcf4fca6ca.jpg,Swimming
b17255b5cf.jpg,Badminton
6ad7fb39d5.jpg,Soccer
b1bcd24a30.jpg,Cricket
f8abc1e56e.jpg,Badminton
0ba3df9d0c.jpg,Tennis
9e898272d6.jpg,Tennis
c5de9d59d0.jpg,Tennis
832ade4daa.jpg,Cricket
26cc04cc87.jpg,Cricket
aee185bb07.jpg,Tennis
820e75035c.jpg,Cricket
e3c2762103.jpg,Wrestling
692fa1ba7d.jpg,Tennis
c1045.jpg,Karate
8d830853c6.jpg,Swimming
566cb5b114.jpg,Karate
76b420e9d1.jpg,Karate
356345338f.jpg,Wrestling
bbe7aa8611.jpg,Wrestling
e9ea028168.jpg,Cricket
064105c8d6.jpg,Cricket
c100004.jpg,Soccer
ca857a98a5.jpg,Wrestling
00ee32c765.jpg,Cricket
ff712b889a.jpg,Wrestling
c576d20e53.jpg,Tennis
6edaa27306.jpg,Tennis
de644dc684.jpg,Badminton
413b51c5c1.jpg,Wrestling
c4fbe789fc.jpg,Badminton
1c0de05f5e.jpg,Wrestling
3795e89df3.jpg,Soccer
fa92bfd202.jpg,Soccer
61515da81e.jpg,Wrestling
6c4b394bd6.jpg,Tennis
92ecaaf654.jpg,Wrestling
4bd7e7d215.jpg,Wrestling
78117ea45b.jpg,Wrestling
b82.jpg,Wrestling
a737b57fe4.jpg,Cricket
3050cc638f.jpg,Cricket
343b326f05.jpg,Badminton
14fe18b205.jpg,Tennis
47ca5878a6.jpg,Cricket
d7d004250f.jpg,Badminton
8e560496ca.jpg,Wrestling
519afaadf0.jpg,Badminton
4d3e571bb6.jpg,Badminton
9ca66b8204.jpg,Wrestling
b13.jpg,Badminton
f99e5ade2a.jpg,Tennis
31b38cbb96.jpg,Badminton
ee5e0ff616.jpg,Cricket
80f09004f6.jpg,Tennis
032f793f78.jpg,Wrestling
a8d03712aa.jpg,Tennis
3fdb56670d.jpg,Wrestling
59461adbc9.jpg,Wrestling
0179a2bf4b.jpg,Badminton
16daa70fb0.jpg,Wrestling
f822113327.jpg,Wrestling
752917a88d.jpg,Cricket
e5756b67e2.jpg,Tennis
9ebc2be85b.jpg,Cricket
7b0ec4b073.jpg,Soccer
bead429f75.jpg,Karate
54af1cad03.jpg,Wrestling
206297567e.jpg,Cricket
a5d592ae66.jpg,Karate
12c53ac993.jpg,Soccer
34586bea4d.jpg,Badminton
1a03ed4664.jpg,Soccer
fba164e117.jpg,Soccer
b209cf93de.jpg,Badminton
9356b02062.jpg,Tennis
7cade79e47.jpg,Wrestling
840c2d2577.jpg,Wrestling
eaa6873577.jpg,Badminton
3576a9910f.jpg,Wrestling
72d05ce1b9.jpg,Cricket
cbdb2e492a.jpg,Tennis
72787969e4.jpg,Wrestling
7f36f78a40.jpg,Karate
84c85e1257.jpg,Wrestling
6da3272343.jpg,Tennis
1b5273b168.jpg,Wrestling
c2039.jpg,Soccer
3c4831bc1e.jpg,Soccer
8e66de016f.jpg,Soccer
21ce86b776.jpg,Karate
f6f947ab91.jpg,Karate
b0f1a6bafc.jpg,Soccer
b5f9d9d15c.jpg,Wrestling
0aa96f34a1.jpg,Badminton
94b526d049.jpg,Swimming
823bbb4fda.jpg,Tennis
ad980d90cf.jpg,Karate
2ced9c3173.jpg,Karate
c3037.jpg,Tennis
4b858a31f4.jpg,Wrestling
5cbdad71f5.jpg,Swimming
d24c0d6865.jpg,Wrestling
975a48e209.jpg,Cricket
4b4477d861.jpg,Soccer
a844838934.jpg,Wrestling
c7f2ccc799.jpg,Badminton
ceaa6eb05d.jpg,Soccer
a3cc0c45aa.jpg,Swimming
081842906a.jpg,Wrestling
84efbe5ccc.jpg,Tennis
c117fc38fb.jpg,Tennis
69daa9ba1a.jpg,Tennis
d0d868d3d5.jpg,Swimming
7ff0403ad3.jpg,Soccer
8bd460cbd6.jpg,Badminton
2101eb8bad.jpg,Tennis
7975c2be9f.jpg,Cricket
e99c3fa281.jpg,Badminton
c3033.jpg,Tennis
96550a4db8.jpg,Soccer
0d021aeecc.jpg,Tennis
a541ac63a2.jpg,Wrestling
8453826ccc.jpg,Cricket
264c8e9abc.jpg,Wrestling
855f3cfe28.jpg,Cricket
2b9e9c0f3d.jpg,Cricket
aed65fc671.jpg,Soccer
7104c78163.jpg,Wrestling
592122f577.jpg,Badminton
573a9644f1.jpg,Wrestling
25b8123090.jpg,Soccer
7996177604.jpg,Badminton
4f2f258d36.jpg,Soccer
d8462cd754.jpg,Cricket
ba7b35bdc2.jpg,Wrestling
81aa5b0d8b.jpg,Karate
4cd5e4b277.jpg,Badminton
c3064.jpg,Badminton
4b7ae5b719.jpg,Badminton
8c2de1d80c.jpg,Tennis
5a906a06f9.jpg,Wrestling
4cecc99b60.jpg,Badminton
d0c7feb932.jpg,Badminton
304f7cd022.jpg,Cricket
eca37054bb.jpg,Karate
d95e5ffaa8.jpg,Soccer
8db4060627.jpg,Wrestling
d57eac4529.jpg,Badminton
e227529e7f.jpg,Cricket
bf7cf59730.jpg,Soccer
1022c6b03a.jpg,Cricket
759420a81c.jpg,Cricket
c8dec639dd.jpg,Swimming
fe3ae505d5.jpg,Cricket
ec61217366.jpg,Soccer
5fa642e23b.jpg,Cricket
7d76d174b0.jpg,Badminton
49a1a78dce.jpg,Wrestling
ea88754710.jpg,Tennis
ffaffcb62b.jpg,Badminton
c8b12b2197.jpg,Wrestling
75dd72a20d.jpg,Soccer
75d63eb414.jpg,Cricket
90331fdfcf.jpg,Badminton
b893dbbe34.jpg,Tennis
b2c7b76183.jpg,Karate
c2030.jpg,Karate
59bd4cf4ed.jpg,Cricket
150bbbac86.jpg,Cricket
a7d458e4a7.jpg,Badminton
53ad40afd6.jpg,Soccer
500e7d89e4.jpg,Badminton
f3217b20ab.jpg,Cricket
e5c9b27e1a.jpg,Tennis
afbe5df5a1.jpg,Badminton
741029f172.jpg,Tennis
c487d56d91.jpg,Cricket
0d64e32445.jpg,Cricket
f607fc7c39.jpg,Wrestling
3a2fea7702.jpg,Soccer
62c7c8324a.jpg,Wrestling
0e3426b400.jpg,Tennis
00e1276bac.jpg,Tennis
9b7b780cf1.jpg,Soccer
582600768e.jpg,Soccer
d740fd96d8.jpg,Cricket
c893372ffb.jpg,Tennis
df32d77844.jpg,Cricket
04f3bd7447.jpg,Wrestling
339d338789.jpg,Soccer
9448ee46dc.jpg,Cricket
2a0b112687.jpg,Cricket
e22c186cd7.jpg,Wrestling
df03e4c8bf.jpg,Swimming
ea18c344e5.jpg,Cricket
b44cb557c1.jpg,Badminton
ef0a43bbbc.jpg,Soccer
4467bd1838.jpg,Karate
f4f7787013.jpg,Cricket
cd63135f03.jpg,Badminton
feb36672d6.jpg,Swimming
52512236f4.jpg,Soccer
b109.jpg,Wrestling
5cb9f712ea.jpg,Tennis
ebd44be10c.jpg,Cricket
20d905b9d1.jpg,Tennis
c7bfc3fb66.jpg,Soccer
30c9e1af13.jpg,Soccer
6a7f73d9cc.jpg,Soccer
52c2b1f309.jpg,Karate
77cb179360.jpg,Soccer
99a06d2aad.jpg,Badminton
2ed0cb8feb.jpg,Soccer
c7bda2b4c6.jpg,Soccer
f096f362ed.jpg,Cricket
8a1d3cc9a1.jpg,Wrestling
a385ef6590.jpg,Badminton
6c0312bdf0.jpg,Wrestling
cf725b7e58.jpg,Soccer
af0bba03f1.jpg,Wrestling
6551e4b86f.jpg,Cricket
63ebf359df.jpg,Cricket
bd2dcd2ee6.jpg,Wrestling
dcc1f921eb.jpg,Tennis
b42c9e7de6.jpg,Tennis
d998a7b060.jpg,Tennis
b668a7f208.jpg,Cricket
03a3043f3e.jpg,Badminton
444781a915.jpg,Karate
491f114787.jpg,Wrestling
91836057f4.jpg,Tennis
801660c1c1.jpg,Badminton
2ac50d3667.jpg,Wrestling
2d3445b7ad.jpg,Badminton
c586d7f14b.jpg,Wrestling
bb7d88a615.jpg,Soccer
9ed866c16c.jpg,Tennis
0ba0fe4b6a.jpg,Soccer
339b48426d.jpg,Badminton
552570f376.jpg,Tennis
b7503a02b0.jpg,Cricket
e80b331fc9.jpg,Wrestling
9ae7058ef6.jpg,Wrestling
0f5be6481a.jpg,Badminton
b95.jpg,Soccer
5f6103c353.jpg,Wrestling
01c67f4e37.jpg,Cricket
ff44a0dd09.jpg,Soccer
2f6a05c3ab.jpg,Cricket
f60d22d654.jpg,Cricket
b7286d8965.jpg,Swimming
41800057a9.jpg,Tennis
96f5964549.jpg,Soccer
c3086.jpg,Badminton
9751694977.jpg,Badminton
e612c7ffff.jpg,Tennis
c308380679.jpg,Badminton
e7399e1351.jpg,Soccer
c794af0ba4.jpg,Swimming
4019c94281.jpg,Cricket
657a25febf.jpg,Soccer
e478e3d103.jpg,Wrestling
9a0481cfde.jpg,Cricket
ca051aedd5.jpg,Wrestling
00c7075215.jpg,Cricket
c9fef443c8.jpg,Tennis
3453d0c59c.jpg,Badminton
fb99381898.jpg,Tennis
2b647a9ec8.jpg,Soccer
c2019.jpg,Cricket
5f3049e32c.jpg,Soccer
dcd8dbfeb3.jpg,Karate
bc8a349480.jpg,Wrestling
5cab43890a.jpg,Tennis
90ac59e030.jpg,Cricket
75a282604e.jpg,Karate
a6f05b055d.jpg,Soccer
39243ec113.jpg,Wrestling
1b2bfacc40.jpg,Soccer
5be13bc225.jpg,Tennis
2577de3594.jpg,Soccer
a5f005abce.jpg,Tennis
a1de766c74.jpg,Wrestling
e457475166.jpg,Karate
2f42dba937.jpg,Tennis
d303ca7141.jpg,Soccer
3ad51211fa.jpg,Wrestling
ad14b4431c.jpg,Cricket
ad60f53cce.jpg,Cricket
46d99b6a16.jpg,Tennis
b77852fdd3.jpg,Tennis
0dc7ac60e4.jpg,Cricket
a25bbad15e.jpg,Wrestling
0d73e706e3.jpg,Cricket
538a81ab42.jpg,Cricket
0e738e5581.jpg,Soccer
2b22883a19.jpg,Wrestling
81950b87d6.jpg,Wrestling
4fa47fa3ab.jpg,Soccer
87c4f7736a.jpg,Cricket
96b0b6ca7a.jpg,Soccer
73a7dae265.jpg,Swimming
291d9d620d.jpg,Cricket
a4208a2a1f.jpg,Wrestling
dd71bcb560.jpg,Tennis
6bcf8711eb.jpg,Wrestling
1460b6e320.jpg,Tennis
3dfb684907.jpg,Karate
5c5a99d840.jpg,Karate
bed84d9489.jpg,Wrestling
039e54abd5.jpg,Soccer
c3072.jpg,Soccer
c8010.jpg,Wrestling
04b46d7eb4.jpg,Cricket
b08252d8a4.jpg,Soccer
0d95a3e946.jpg,Soccer
18a895c656.jpg,Wrestling
03b566591d.jpg,Karate
bea9c69b93.jpg,Karate
85d63c490a.jpg,Wrestling
5de261f766.jpg,Wrestling
cefce0a1bd.jpg,Cricket
1d11b0ddb2.jpg,Tennis
c7.jpg,Cricket
b92c198c48.jpg,Swimming
a86f420bd4.jpg,Wrestling
1ac486cb3b.jpg,Badminton
a7458c6910.jpg,Wrestling
fcc3fbfad2.jpg,Cricket
fe1ce456f9.jpg,Wrestling
34b473e2db.jpg,Tennis
c3063.jpg,Soccer
c0113363d2.jpg,Wrestling
0fadbe4fd6.jpg,Cricket
b34b3c72bc.jpg,Tennis
c66bb9c1ab.jpg,Soccer
ccde44da9d.jpg,Badminton
e6b4f84106.jpg,Soccer
a317bfef7f.jpg,Swimming
8fbb157833.jpg,Cricket
42c3499b42.jpg,Cricket
d2fced01c1.jpg,Cricket
bb501c4ffc.jpg,Tennis
087873d0e3.jpg,Soccer
76fd4d2b09.jpg,Swimming
0cfda8ff3e.jpg,Cricket
a9b42b7d61.jpg,Tennis
5d943069e4.jpg,Badminton
5d6e663e1b.jpg,Soccer
40376fa480.jpg,Wrestling
d4edb0df49.jpg,Karate
4ce51e9543.jpg,Tennis
bb7200a6a3.jpg,Badminton
e5c7e2b69f.jpg,Karate
ebc404adc6.jpg,Tennis
c3003.jpg,Wrestling
7f93e1abe4.jpg,Tennis
f479c13485.jpg,Wrestling
ccaf308c4c.jpg,Badminton
f0856c55e5.jpg,Wrestling
b557730306.jpg,Swimming
6cfca8e2f0.jpg,Wrestling
d3a12a1d58.jpg,Cricket
655914a0a1.jpg,Soccer
5ca2999901.jpg,Wrestling
ff88689379.jpg,Wrestling
2fcead6123.jpg,Tennis
a5de006a2d.jpg,Cricket
8293839b72.jpg,Badminton
9a002b61fb.jpg,Wrestling
9b05e85978.jpg,Cricket
bbfec16eab.jpg,Cricket
1d2177d024.jpg,Tennis
687a3a651a.jpg,Karate
d5b2ff7792.jpg,Badminton
a455360b6c.jpg,Badminton
6b423eabb3.jpg,Wrestling
a1f4e9d1e0.jpg,Tennis
7092d4f0ae.jpg,Tennis
96c53be41b.jpg,Wrestling
fb85e81515.jpg,Tennis
2d4cd97837.jpg,Soccer
00772b60e9.jpg,Cricket
0bcaaf18ab.jpg,Cricket
b592e9d221.jpg,Wrestling
a1f723254a.jpg,Tennis
d935d8f7c4.jpg,Soccer
ec6d60832e.jpg,Badminton
baaa835c46.jpg,Swimming
7f28b5d754.jpg,Cricket
3b0e416ef4.jpg,Tennis
e5ceab4106.jpg,Cricket
b99.jpg,Badminton
6c1d8e675b.jpg,Badminton
43202cae79.jpg,Cricket
bd96eb2c0c.jpg,Badminton
ffdaacccf6.jpg,Swimming
3525537f2f.jpg,Soccer
49dae8381e.jpg,Wrestling
83a1781a57.jpg,Swimming
8ec57dbc32.jpg,Soccer
3aacc6ba25.jpg,Cricket
543aa9fe03.jpg,Wrestling
a17f98e002.jpg,Badminton
662f00fa23.jpg,Wrestling
55dcc0c6af.jpg,Wrestling
548436cc55.jpg,Tennis
47496974be.jpg,Soccer
c1043.jpg,Karate
c5d0a1ef09.jpg,Swimming
0883aae6d6.jpg,Cricket
170aeae746.jpg,Soccer
9b8d03a52d.jpg,Karate
b949d39e7c.jpg,Cricket
bbf2b6d1d2.jpg,Soccer
70591a8a87.jpg,Tennis
feb99f9926.jpg,Soccer
8e04b50151.jpg,Cricket
73eeab64eb.jpg,Wrestling
872ec7755a.jpg,Wrestling
2c6605ef8a.jpg,Badminton
b3fccc518a.jpg,Cricket
fbd32983a9.jpg,Soccer
e2233dbace.jpg,Wrestling
a7e251b34c.jpg,Tennis
b1ca91e3bc.jpg,Karate
14ce160b6e.jpg,Wrestling
37aa06f513.jpg,Badminton
b98.jpg,Soccer
50c844bf60.jpg,Soccer
ab3e41ba43.jpg,Soccer
73ca5eabc4.jpg,Badminton
14cf48ec5f.jpg,Swimming
fa9000ae74.jpg,Badminton
2d831fd833.jpg,Tennis
0f77c2d2ec.jpg,Soccer
0a9afe9b0d.jpg,Tennis
c11.jpg,Cricket
b56a451f36.jpg,Tennis
d627921163.jpg,Wrestling
2c51cefea0.jpg,Soccer
8e2ca4d5f4.jpg,Soccer
8332149859.jpg,Wrestling
c8001.jpg,Wrestling
a5d1d612d9.jpg,Swimming
b733d241c1.jpg,Karate
90f8a4831a.jpg,Wrestling
40fa09a5c3.jpg,Karate
c229bb80d1.jpg,Soccer
45f7e5a797.jpg,Soccer
143dcaa205.jpg,Badminton
002259d705.jpg,Cricket
2e99394da8.jpg,Cricket
7121fd9632.jpg,Karate
edba34ef53.jpg,Cricket
5dc0aa72a4.jpg,Wrestling
3fe601e6a8.jpg,Cricket
28fc357287.jpg,Swimming
b1c1eff62f.jpg,Wrestling
4a39f3bbd3.jpg,Wrestling
d01afe89f2.jpg,Badminton
89d8172729.jpg,Cricket
04b282ddb5.jpg,Badminton
78bf3610b5.jpg,Badminton
685d81d00f.jpg,Cricket
b6116e26dd.jpg,Wrestling
d061578a76.jpg,Wrestling
2078b00156.jpg,Wrestling
761496d178.jpg,Soccer
8a8741a1cc.jpg,Wrestling
e80f35a423.jpg,Cricket
ee6a52a1ec.jpg,Soccer
278914f6ac.jpg,Tennis
ff4fdffeaf.jpg,Badminton
a80c851227.jpg,Swimming
bd803f750b.jpg,Cricket
ef2c2ba919.jpg,Badminton
842e7c33df.jpg,Wrestling
9cba773511.jpg,Karate
777716e794.jpg,Cricket
ccaa9d11e8.jpg,Tennis
ba0a9c9cd8.jpg,Tennis
683b10d049.jpg,Tennis
e66a058b50.jpg,Wrestling
5812973830.jpg,Karate
78b4629214.jpg,Wrestling
b9e22d65db.jpg,Soccer
34a0ff21a8.jpg,Wrestling
96dfadd34e.jpg,Wrestling
f40a0a1691.jpg,Soccer
eb82db7573.jpg,Badminton
73658f43e6.jpg,Swimming
0ca14626fa.jpg,Wrestling
80da79a73e.jpg,Karate
d6036bcf5f.jpg,Badminton
4ccc9e51ad.jpg,Badminton
3c691bbaab.jpg,Soccer
4a25e882b4.jpg,Tennis
a6840099e6.jpg,Wrestling
c823843433.jpg,Badminton
b73c8ad49c.jpg,Badminton
9f306189b0.jpg,Soccer
4e9c3170ee.jpg,Tennis
f2ab267c68.jpg,Wrestling
a8b7c50e2c.jpg,Cricket
9acf95ef81.jpg,Cricket
f70d40faf2.jpg,Wrestling
7ed5b3cc73.jpg,Cricket
d6695120fa.jpg,Wrestling
848600f829.jpg,Wrestling
cc32cfd485.jpg,Karate
77d23b3a03.jpg,Soccer
54e0453a23.jpg,Karate
ad7bb00789.jpg,Soccer
c3031.jpg,Tennis
d79d8da4b3.jpg,Wrestling
d091b87aff.jpg,Cricket
20691e4f82.jpg,Cricket
78630694fe.jpg,Cricket
e3c274b4ab.jpg,Swimming
03dae9890e.jpg,Badminton
80296be6f8.jpg,Soccer
4cff741f21.jpg,Cricket
0165ea57ea.jpg,Swimming
ad7ab04169.jpg,Badminton
cc19e10ed2.jpg,Karate
d84fcf4f86.jpg,Wrestling
89e5c6004f.jpg,Karate
3987ee169d.jpg,Swimming
d1df0b21e1.jpg,Swimming
b46.jpg,Wrestling
cad15fa6bf.jpg,Badminton
d645795acf.jpg,Wrestling
881039e941.jpg,Soccer
d64c1efce9.jpg,Tennis
6dd03c750a.jpg,Wrestling
73cf3e240f.jpg,Soccer
7163078689.jpg,Tennis
b20.jpg,Wrestling
02e3452152.jpg,Tennis
15604d2f07.jpg,Wrestling
fabafe5b0b.jpg,Badminton
1a6150fc86.jpg,Cricket
6661bd5728.jpg,Karate
767faf1ef4.jpg,Soccer
01629d58ca.jpg,Tennis
ad31cec821.jpg,Soccer
6f177e0a21.jpg,Badminton
10c13d4eed.jpg,Soccer
cc53965a4e.jpg,Tennis
e437c16a60.jpg,Soccer
5f52fdb193.jpg,Wrestling
296f7b00db.jpg,Cricket
4033c28ce4.jpg,Cricket
85142f0541.jpg,Cricket
9f3cf7ddfc.jpg,Badminton
e1519de46c.jpg,Tennis
f750d31862.jpg,Wrestling
f6855234e7.jpg,Soccer
49ace7bc58.jpg,Tennis
5c1879932e.jpg,Wrestling
27a751e177.jpg,Karate
d17ff2dcca.jpg,Cricket
2e9b3b1a97.jpg,Cricket
2fc75edb1e.jpg,Swimming
c08c3f808c.jpg,Karate
2213f29f5f.jpg,Swimming
be3445d2e5.jpg,Badminton
4d1f2b2480.jpg,Soccer
23e5266f8e.jpg,Soccer
7f3077748c.jpg,Badminton
0bbd5319ed.jpg,Tennis
98808ea3b2.jpg,Cricket
2fcc498682.jpg,Cricket
b50b58b2fc.jpg,Swimming
d2ccf27b98.jpg,Cricket
ea8a27fca9.jpg,Wrestling
59307b420a.jpg,Cricket
91aec53ca6.jpg,Swimming
c5042.jpg,Wrestling
05aaf237c0.jpg,Badminton
b70.jpg,Soccer
c3c7fdafea.jpg,Tennis
4e37eeb6c2.jpg,Cricket
7ada125725.jpg,Tennis
ad2130d92c.jpg,Badminton
f71d624aa8.jpg,Wrestling
e37459f34b.jpg,Cricket
6761dfd2ca.jpg,Badminton
9cc79680eb.jpg,Soccer
36858b0067.jpg,Wrestling
b59db761f6.jpg,Wrestling
0796c5b252.jpg,Soccer
1567ae9f52.jpg,Wrestling
fcbbfece11.jpg,Soccer
29d13438c7.jpg,Cricket
3fd01dbecc.jpg,Soccer
34c632b2c9.jpg,Soccer
83e3923e68.jpg,Cricket
ea332e32f5.jpg,Cricket
dda7d69dcc.jpg,Wrestling
0797adb587.jpg,Tennis
3f6149d1ec.jpg,Tennis
b1eb9289cb.jpg,Swimming
bf6077ae99.jpg,Cricket
86f8dae471.jpg,Tennis
c6f07e1a73.jpg,Tennis
e8d109c77a.jpg,Soccer
aae758d1d3.jpg,Karate
44d022f827.jpg,Tennis
eb5352660c.jpg,Cricket
87823bfa77.jpg,Tennis
0aa7ca375d.jpg,Wrestling
cba06ed11e.jpg,Badminton
170b8c94c0.jpg,Wrestling
f1b2b1cf52.jpg,Tennis
3da76081a1.jpg,Soccer
e3f78a4b61.jpg,Cricket
1abf08a41b.jpg,Soccer
9bf272a7bf.jpg,Karate
7b89ef2124.jpg,Cricket
b9ea5790d7.jpg,Badminton
3a5d8af6a7.jpg,Cricket
40ee34272d.jpg,Soccer
dfcab578d9.jpg,Badminton
01c75f606c.jpg,Cricket
86b60a20af.jpg,Cricket
d9a2541d7e.jpg,Wrestling
66946f4abc.jpg,Soccer
b594f04b64.jpg,Badminton
40d48c7711.jpg,Tennis
16ef374598.jpg,Soccer
dacf01793c.jpg,Soccer
0b84e400d4.jpg,Soccer
90f805fbd8.jpg,Wrestling
61ba6f5239.jpg,Tennis
c5056.jpg,Cricket
1070768b46.jpg,Tennis
c2bcda71cb.jpg,Soccer
7cd886eec8.jpg,Wrestling
eb2233a0a3.jpg,Wrestling
69a696e900.jpg,Cricket
be33889200.jpg,Soccer
9de3b14f0e.jpg,Wrestling
ea199d3da0.jpg,Cricket
8232c1808d.jpg,Cricket
164e45bba6.jpg,Badminton
667f0c6abd.jpg,Badminton
5408065722.jpg,Cricket
1832ac3c1e.jpg,Swimming
6c5885b871.jpg,Badminton
6d64745b42.jpg,Karate
1aec182f33.jpg,Swimming
e048536c62.jpg,Badminton
b3.jpg,Wrestling
81edc58ad1.jpg,Soccer
b695b6bdb1.jpg,Wrestling
7761118dca.jpg,Karate
0beec234c0.jpg,Tennis
7a9270d044.jpg,Wrestling
d2d985b1b3.jpg,Tennis
85de16bad8.jpg,Karate
5569dd06bd.jpg,Cricket
a925fb2999.jpg,Tennis
b83c158eff.jpg,Cricket
50ab6dea73.jpg,Wrestling
c3053.jpg,Badminton
cc3c6863b0.jpg,Tennis
f3b12b89f4.jpg,Wrestling
02a42304dc.jpg,Badminton
560b4f72ad.jpg,Wrestling
17af2ffe67.jpg,Soccer
c3041.jpg,Wrestling
77ddb558d0.jpg,Badminton
9d59768b3e.jpg,Swimming
c3cb345cad.jpg,Cricket
d3c93fae85.jpg,Tennis
1fa1798b71.jpg,Tennis
28b6b2fe18.jpg,Karate
ce7587ddd3.jpg,Wrestling
94d3a1e072.jpg,Badminton
0cf1114889.jpg,Badminton
90921b5e7e.jpg,Wrestling
289110c97d.jpg,Wrestling
3c1be2c938.jpg,Cricket
f83787ad0c.jpg,Swimming
b118.jpg,Wrestling
b11.jpg,Soccer
12a9b208fe.jpg,Wrestling
5402203564.jpg,Tennis
0d0f891609.jpg,Tennis
a7fc8b47f9.jpg,Cricket
0f98e25d2b.jpg,Cricket
705abbb13f.jpg,Cricket
5a6846a2ed.jpg,Soccer
f7fd21d312.jpg,Wrestling
83fa06b310.jpg,Wrestling
f1b0d8602b.jpg,Swimming
9514a32e69.jpg,Karate
fa509b2931.jpg,Cricket
f1d6f46f90.jpg,Wrestling
6066fef2cd.jpg,Wrestling
1c05c46e10.jpg,Cricket
4cb87bba11.jpg,Wrestling
5d7b1792de.jpg,Soccer
a5fddbb8fd.jpg,Cricket
54223a50eb.jpg,Soccer
20c0ac27d9.jpg,Tennis
e763943df2.jpg,Cricket
68e8bd825d.jpg,Cricket
b064ebb728.jpg,Wrestling
791b30078b.jpg,Wrestling
cb95049c22.jpg,Karate
33ff40eaa0.jpg,Badminton
a57cfe02fe.jpg,Cricket
9600ae6694.jpg,Wrestling
9243cc0505.jpg,Karate
9e0e4e2124.jpg,Swimming
92b671c30d.jpg,Wrestling
056af037db.jpg,Tennis
de01c04b3f.jpg,Cricket
a68bb0b458.jpg,Soccer
6768129bba.jpg,Cricket
10f4be5a2b.jpg,Wrestling
f2721fda5d.jpg,Tennis
4d8a7a3500.jpg,Karate
93502851c3.jpg,Badminton
24e5823056.jpg,Soccer
e8f6aa1393.jpg,Cricket
cc22b72605.jpg,Cricket
e80c785043.jpg,Tennis
6d29a1563d.jpg,Wrestling
1bc00fc133.jpg,Soccer
a92760b3e7.jpg,Swimming
d9a63f469e.jpg,Soccer
f53c68d619.jpg,Cricket
1eedaca7c1.jpg,Soccer
6068c68cb5.jpg,Wrestling
fd9a8ceaf5.jpg,Cricket
a8b90f34b1.jpg,Cricket
7860fe1f30.jpg,Badminton
38db1e825d.jpg,Swimming
966bfac079.jpg,Swimming
2c2f7ea786.jpg,Tennis
f5f18a3714.jpg,Wrestling
4a73ad514a.jpg,Wrestling
b36.jpg,Wrestling
b67.jpg,Wrestling
5cd19dfdd5.jpg,Cricket
f15b0a7dfb.jpg,Cricket
8807639fb2.jpg,Wrestling
4b15d9b011.jpg,Wrestling
389cb1eac1.jpg,Cricket
f01e13df09.jpg,Badminton
6686c72e93.jpg,Wrestling
0ff8ee17f1.jpg,Cricket
c3012.jpg,Soccer
dc1bd54006.jpg,Soccer
59815c7fa1.jpg,Wrestling
e3693de081.jpg,Cricket
022dc8a23a.jpg,Cricket
8d4d2b89a8.jpg,Cricket
fd09aef084.jpg,Wrestling
fb37090976.jpg,Badminton
1b67f20884.jpg,Badminton
c98b176637.jpg,Soccer
1ca17412b1.jpg,Soccer
370b70c465.jpg,Badminton
41410897ba.jpg,Wrestling
31b71e239b.jpg,Swimming
c99d7c7841.jpg,Soccer
74ef6f507b.jpg,Wrestling
26cd241805.jpg,Cricket
bc186238b1.jpg,Cricket
15a83c5497.jpg,Tennis
e3ef8f080b.jpg,Wrestling
7fa12449b1.jpg,Swimming
d1d7471dae.jpg,Soccer
3994de0ce0.jpg,Badminton
3c3de3905b.jpg,Badminton
297a1cf90c.jpg,Badminton
f5dd3404a8.jpg,Soccer
f2e2276f17.jpg,Tennis
36ca0e34f1.jpg,Soccer
1f331fe0ec.jpg,Cricket
d6ff7f34a6.jpg,Wrestling
77e62042d0.jpg,Wrestling
bf112c9946.jpg,Soccer
4d33b97178.jpg,Tennis
220ccf8246.jpg,Wrestling
df144614ac.jpg,Wrestling
33ce90b5fb.jpg,Wrestling
fda8b316fb.jpg,Swimming
a11a4d1b75.jpg,Karate
9f4ebb7bfa.jpg,Cricket
a48b07cad8.jpg,Cricket
b6b942221d.jpg,Tennis
7bec7a42b0.jpg,Wrestling
5c00d05a05.jpg,Cricket
5f16a8c29c.jpg,Wrestling
d3a8f5f128.jpg,Karate
53465dfbf7.jpg,Badminton
47cbf7a27b.jpg,Wrestling
d4015ca292.jpg,Tennis
2500ac5349.jpg,Cricket
4f9eaba239.jpg,Badminton
1af8c09540.jpg,Wrestling
2ade08a77a.jpg,Cricket
d8ad8f604a.jpg,Swimming
701f0986d8.jpg,Badminton
784616d958.jpg,Swimming
c12.jpg,Cricket
1ed4c78b7e.jpg,Soccer
d6f9a0b4a0.jpg,Cricket
3e2497f4c2.jpg,Cricket
18435ee6f0.jpg,Soccer
e96d7797f6.jpg,Tennis
d5fb12e3d4.jpg,Soccer
0efab9c83a.jpg,Tennis
48d8cb186c.jpg,Badminton
f6e38ebf10.jpg,Tennis
bb7c4623be.jpg,Soccer
0ce7369b71.jpg,Tennis
a173947ead.jpg,Badminton
5bd3f00e20.jpg,Tennis
cdf2525048.jpg,Swimming
104151dba9.jpg,Cricket
9a124eb1ba.jpg,Badminton
c1102ed548.jpg,Cricket
fb0216328a.jpg,Wrestling
fdb206ff17.jpg,Cricket
e898b73f1c.jpg,Badminton
9de55f2c26.jpg,Cricket
519192316b.jpg,Karate
0749f52b4f.jpg,Wrestling
a6faee49c9.jpg,Tennis
c3029.jpg,Tennis
9788771a6e.jpg,Tennis
e5e00e06a1.jpg,Cricket
021ec80020.jpg,Karate
6fc3b9e125.jpg,Cricket
d77d748a0b.jpg,Karate
a852f4bfac.jpg,Wrestling
4553d5842b.jpg,Cricket
f269bf086c.jpg,Tennis
77bbef65b4.jpg,Tennis
101b3dede5.jpg,Soccer
e7a84792d8.jpg,Badminton
2ba88972dc.jpg,Wrestling
9bbd96639a.jpg,Karate
90fe17fb0a.jpg,Badminton
5d51aea953.jpg,Cricket
12e7e9d97a.jpg,Soccer
f8e83b0933.jpg,Cricket
17eec4d431.jpg,Swimming
c5004.jpg,Swimming
6582fe83dd.jpg,Cricket
492296d329.jpg,Soccer
6deda9daef.jpg,Soccer
aacba4f6b0.jpg,Soccer
0feeb271fd.jpg,Cricket
b47.jpg,Cricket
04ff719903.jpg,Wrestling
0fd318e46d.jpg,Wrestling
e5d14ff2d3.jpg,Soccer
bc6ce8fd87.jpg,Cricket
8d6eeceeb0.jpg,Cricket
1df0084966.jpg,Cricket
71c4238199.jpg,Cricket
998b92aa3c.jpg,Tennis
4d95c37b69.jpg,Soccer
4e1eae4293.jpg,Cricket
941bb90c9b.jpg,Soccer
c5021.jpg,Swimming
ef518de17b.jpg,Soccer
b169771471.jpg,Tennis
c14aaecd1b.jpg,Wrestling
c52fe5db32.jpg,Wrestling
ba3c200066.jpg,Wrestling
64d76ca8d8.jpg,Wrestling
c0cbba2683.jpg,Wrestling
2313d4d5f3.jpg,Badminton
5aa3910dc3.jpg,Tennis
1206bad626.jpg,Cricket
02462bb635.jpg,Karate
56f76289b4.jpg,Soccer
304577a84a.jpg,Wrestling
fd750ecdf0.jpg,Swimming
690b291041.jpg,Wrestling
2597c470b6.jpg,Wrestling
aef267f8aa.jpg,Soccer
c56f36740d.jpg,Badminton
da90c60fcb.jpg,Tennis
71a29fc869.jpg,Tennis
e32abf894c.jpg,Wrestling
60f3a4cc9b.jpg,Badminton
fafbf27d7f.jpg,Wrestling
2de9659e65.jpg,Wrestling
1d2012ad05.jpg,Cricket
9148f4b659.jpg,Cricket
013d44bfd8.jpg,Tennis
31beb82f46.jpg,Wrestling
c3066.jpg,Cricket
70f70bee67.jpg,Cricket
7d8fa2cf55.jpg,Soccer
338d0b910b.jpg,Tennis
1a10938a82.jpg,Swimming
8006bed360.jpg,Cricket
c937afa34e.jpg,Karate
fef6578f77.jpg,Wrestling
027bf70a66.jpg,Soccer
27fb32f427.jpg,Karate
e0431c4dea.jpg,Wrestling
4ce2d05435.jpg,Soccer
d7194c1393.jpg,Cricket
f05575a79d.jpg,Wrestling
28ba9c228e.jpg,Soccer
3fa2a1bf9c.jpg,Wrestling
ae9fa8dc4f.jpg,Tennis
bd0308acc4.jpg,Tennis
95ca9d064a.jpg,Cricket
7a2b995d8c.jpg,Wrestling
afbbda2e04.jpg,Wrestling
6d66713b10.jpg,Tennis
370cb920bd.jpg,Tennis
0bf1e96197.jpg,Wrestling
4937b71320.jpg,Wrestling
a32bab6287.jpg,Wrestling
40644a35f7.jpg,Soccer
a5116c99e2.jpg,Cricket
6e52ebc005.jpg,Karate
55cf1a3c2b.jpg,Cricket
4e7d46b211.jpg,Badminton
e98e68e214.jpg,Badminton
d728190bc0.jpg,Badminton
5b846a8d84.jpg,Cricket
cc09be9a11.jpg,Wrestling
c3048.jpg,Cricket
49a366314b.jpg,Cricket
2729456062.jpg,Swimming
2a5a835547.jpg,Karate
397285c1df.jpg,Tennis
883b925dfe.jpg,Soccer
6158b99c8d.jpg,Badminton
aac108d055.jpg,Cricket
b6df414b7f.jpg,Badminton
414b5013b5.jpg,Soccer
24edc9bd65.jpg,Badminton
85bc0f6e1b.jpg,Badminton
50ca0afc54.jpg,Cricket
3b05efbdbc.jpg,Karate
b108.jpg,Badminton
cc46a2d71d.jpg,Wrestling
4a0c3ee4df.jpg,Cricket
389ec647fa.jpg,Karate
e25ae0754a.jpg,Cricket
321f703b29.jpg,Badminton
1d5de27f76.jpg,Tennis
c7246da619.jpg,Soccer
b0b9e0f121.jpg,Tennis
38d1b34b3f.jpg,Wrestling
ccf1ad164d.jpg,Soccer
5819aa9f13.jpg,Tennis
67e2c58a73.jpg,Cricket
11dccd6e54.jpg,Swimming
1315ab990f.jpg,Badminton
0f8b6f9932.jpg,Soccer
22d78c6052.jpg,Wrestling
86188179b4.jpg,Cricket
294f035ea8.jpg,Wrestling
5d4229e2a7.jpg,Badminton
827b3df0db.jpg,Swimming
d6df3695f1.jpg,Wrestling
1a05a8213e.jpg,Karate
dac02377fc.jpg,Soccer
0688145ec8.jpg,Wrestling
d0ce1d4cc8.jpg,Badminton
b5ecca4272.jpg,Tennis
ac2f23fc18.jpg,Karate
415d3d5433.jpg,Wrestling
05d879575f.jpg,Wrestling
91c07abad7.jpg,Wrestling
576a07a49f.jpg,Wrestling
be5112ba99.jpg,Soccer
d8634da91c.jpg,Cricket
2b17e978fd.jpg,Wrestling
d546d412f8.jpg,Cricket
e37c99658f.jpg,Cricket
791d5ff295.jpg,Cricket
0927d44885.jpg,Wrestling
c603aade55.jpg,Karate
ff3abd098a.jpg,Soccer
b77.jpg,Cricket
bc0abcef35.jpg,Wrestling
4ed114b455.jpg,Wrestling
405d90ac0a.jpg,Wrestling
b7a751fd96.jpg,Tennis
0fbbbfd70f.jpg,Soccer
975f8451df.jpg,Badminton
0283662fc5.jpg,Soccer
86c7727172.jpg,Wrestling
dfdcf3cb95.jpg,Wrestling
8df35b7e48.jpg,Wrestling
b6.jpg,Cricket
2f72243ea1.jpg,Cricket
8335817af6.jpg,Tennis
bfa6d2ab99.jpg,Tennis
b0e43da5c1.jpg,Tennis
8790ff37e8.jpg,Cricket
bd3ce7cef3.jpg,Soccer
9b4c2d8057.jpg,Soccer
fb8030f0b8.jpg,Soccer
dc7ce2e2db.jpg,Karate
df01a5fb04.jpg,Badminton
b1578ebd9a.jpg,Karate
9eca3a2d4e.jpg,Tennis
c2038.jpg,Badminton
50c865b782.jpg,Wrestling
074b95509d.jpg,Badminton
86fd2e6fe5.jpg,Soccer
f4ab41760e.jpg,Cricket
8cb3e6eda4.jpg,Tennis
63caca5e14.jpg,Soccer
f3ea57638f.jpg,Tennis
c2002.jpg,Soccer
b113.jpg,Cricket
9b86ecef54.jpg,Cricket
002aca3053.jpg,Cricket
5d1624e642.jpg,Cricket
68686d1db7.jpg,Soccer
6ff1b413c7.jpg,Wrestling
637efaa08c.jpg,Cricket
69145dbf0e.jpg,Cricket
9755b73a49.jpg,Karate
0ba4662909.jpg,Wrestling
2b99bf88ef.jpg,Wrestling
7a22a1f565.jpg,Soccer
894f2086a7.jpg,Wrestling
48afe97505.jpg,Cricket
ac56980569.jpg,Cricket
e5f4dd66d7.jpg,Cricket
1621787a11.jpg,Soccer
3efbc6fc8f.jpg,Tennis
a1525fb583.jpg,Cricket
c8b6eaac76.jpg,Soccer
31c44f2520.jpg,Wrestling
69ae05df74.jpg,Soccer
ad9f67bbd5.jpg,Cricket
9bc31771f5.jpg,Wrestling
975e1d6757.jpg,Cricket
47efd82e78.jpg,Cricket
76a3b0f3af.jpg,Soccer
29c754b8b2.jpg,Badminton
17bd78116f.jpg,Cricket
b10c181f3b.jpg,Tennis
568e86f2cb.jpg,Wrestling
4f64c8f6ea.jpg,Soccer
1de74ed5b5.jpg,Badminton
23f402e1f8.jpg,Tennis
f185dd4295.jpg,Tennis
6e1e97e982.jpg,Cricket
9c05ad5eff.jpg,Badminton
d16ae21dda.jpg,Cricket
c2f1a148a7.jpg,Karate
59ead67b42.jpg,Cricket
65d9883c50.jpg,Badminton
bb3f6cb868.jpg,Cricket
da36c5e4cf.jpg,Wrestling
fe9dd71d8f.jpg,Cricket
8f31f69d63.jpg,Cricket
784522adf7.jpg,Karate
85c7d1a734.jpg,Wrestling
a30d699fce.jpg,Karate
f2b149c3b2.jpg,Cricket
c9abd7b0a9.jpg,Wrestling
7f317d7f89.jpg,Wrestling
3a9d83db5b.jpg,Wrestling
9fb8025e3f.jpg,Cricket
5a8f5e0095.jpg,Wrestling
d6aa21befb.jpg,Swimming
685659acb0.jpg,Soccer
89c4563768.jpg,Tennis
69f6d41258.jpg,Soccer
5ca6862219.jpg,Wrestling
06226c065f.jpg,Cricket
092c6295cf.jpg,Tennis
2d75407201.jpg,Tennis
0a95785877.jpg,Wrestling
6130f4f1d2.jpg,Badminton
4c59a9858d.jpg,Tennis
ab5c8f7532.jpg,Cricket
a017dbc3e7.jpg,Badminton
cf2dcfc287.jpg,Tennis
e5119f0f0d.jpg,Soccer
95fb1e8476.jpg,Wrestling
60da802994.jpg,Wrestling
0db545cfb4.jpg,Cricket
b0a8914847.jpg,Wrestling
0e7ab8dcf5.jpg,Soccer
0c82a1ab30.jpg,Cricket
cec541c941.jpg,Wrestling
c3017.jpg,Badminton
7f7e5d74ca.jpg,Wrestling
0f1d01d4f3.jpg,Tennis
e5c9b9e184.jpg,Wrestling
439d8f7439.jpg,Soccer
5ae4c11c6b.jpg,Karate
1feb474d8e.jpg,Tennis
f3cb7819e0.jpg,Badminton
6b95432a77.jpg,Swimming
fb33da826a.jpg,Soccer
5d87e40640.jpg,Badminton
c487d7e1a4.jpg,Cricket
6e7bc06e41.jpg,Tennis
e79a5430cd.jpg,Soccer
8ba98744e2.jpg,Cricket
aa8bebacb8.jpg,Wrestling
9214955654.jpg,Soccer
7d5a389fc0.jpg,Badminton
2ad0c9984d.jpg,Tennis
17d9c6f603.jpg,Wrestling
2df21968c7.jpg,Badminton
5e12ea3010.jpg,Badminton
635f2de96d.jpg,Cricket
f4c1629718.jpg,Wrestling
9b41a32d06.jpg,Cricket
956da0a12d.jpg,Cricket
411e96b4b5.jpg,Badminton
1f4332a4f0.jpg,Badminton
975a05b863.jpg,Swimming
8fdabc59dc.jpg,Soccer
5a1bfc8b7d.jpg,Wrestling
a92fff76be.jpg,Tennis
f3fbbdfeb8.jpg,Cricket
a9df29e506.jpg,Wrestling
f4b67bd3e4.jpg,Cricket
e9cfc3ae70.jpg,Soccer
cf68567477.jpg,Cricket
e04aed094d.jpg,Tennis
e566dda85f.jpg,Wrestling
c3020.jpg,Tennis
c10006.jpg,Swimming
4e5421f6d4.jpg,Wrestling
0f4d1d6e30.jpg,Wrestling
c3056.jpg,Cricket
f96feeb38b.jpg,Cricket
4353d4829c.jpg,Tennis
44e382389f.jpg,Soccer
99a7e1c045.jpg,Wrestling
f5b17df14d.jpg,Swimming
fcf4f77093.jpg,Badminton
10a6476433.jpg,Cricket
13c450268e.jpg,Soccer
65b1dad5b2.jpg,Soccer
a03fb161d1.jpg,Cricket
c3019.jpg,Cricket
c23a66849e.jpg,Wrestling
35c063aacd.jpg,Wrestling
f8a0d5a00c.jpg,Cricket
9cf99a6168.jpg,Wrestling
59a0e0030b.jpg,Wrestling
c3092.jpg,Badminton
29302c6054.jpg,Wrestling
b106.jpg,Badminton
020f5ea36a.jpg,Wrestling
8d7d444ec9.jpg,Soccer
67f16f4716.jpg,Cricket
cbf93170cf.jpg,Karate
df9cae5d15.jpg,Cricket
58726ec972.jpg,Cricket
e3c6a3e79c.jpg,Cricket
cbdd0fbf6a.jpg,Wrestling
3d8e2aab89.jpg,Soccer
e7dada2d9c.jpg,Soccer
7a7ff71d4a.jpg,Wrestling
df316a64c9.jpg,Wrestling
09d48e1faf.jpg,Badminton
82c63618ff.jpg,Swimming
ddcd093689.jpg,Cricket
40eea1ebb9.jpg,Wrestling
c0286da8fb.jpg,Cricket
937ad5cb6f.jpg,Cricket
6760ed4439.jpg,Tennis
eb0b3286d6.jpg,Wrestling
0ea64f6488.jpg,Cricket
1be7306a83.jpg,Karate
4150c72b38.jpg,Tennis
33b441a426.jpg,Tennis
f414c0451d.jpg,Soccer
e8c86e9cdb.jpg,Swimming
39708632ba.jpg,Cricket
d8eba0168b.jpg,Karate
50fa598d6c.jpg,Badminton
54778ee18f.jpg,Badminton
c3082.jpg,Badminton
2031cd5721.jpg,Cricket
eee28b2e33.jpg,Karate
c5060.jpg,Soccer
dd6bad200b.jpg,Cricket
433be7ecb1.jpg,Wrestling
fad0634304.jpg,Soccer
fe889fe4ad.jpg,Soccer
0fc1717ad1.jpg,Badminton
4573e18744.jpg,Wrestling
294730f115.jpg,Tennis
5f3cd3b6dd.jpg,Wrestling
44e8e01741.jpg,Badminton
0db0d9fbe3.jpg,Soccer
9b8bd52ee7.jpg,Tennis
a031f8d608.jpg,Cricket
6194cf0b69.jpg,Wrestling
693147352a.jpg,Badminton
e82144fa85.jpg,Soccer
1deb80beb0.jpg,Cricket
5167d45c57.jpg,Badminton
3e7e59f9c1.jpg,Cricket
5a8486c7d8.jpg,Cricket
249e539167.jpg,Wrestling
6935523bc0.jpg,Tennis
1a9584bdfc.jpg,Tennis
c4cfa6db9f.jpg,Wrestling
96fab1a91e.jpg,Tennis
37c49f0efd.jpg,Wrestling
c0f1bee54a.jpg,Soccer
d7af1bc708.jpg,Tennis
6ac29b9c3a.jpg,Tennis
4c61d0b62c.jpg,Swimming
126ff44694.jpg,Wrestling
324f9abe4d.jpg,Cricket
480e3d7cc5.jpg,Tennis
834f8dbfe6.jpg,Tennis
4cff41ef19.jpg,Wrestling
e57565403e.jpg,Karate
40bb94ada3.jpg,Cricket
cd750de6a9.jpg,Soccer
ee3e413954.jpg,Tennis
2ce5c16690.jpg,Badminton
1faacaf51b.jpg,Badminton
8140ccbd95.jpg,Badminton
ba9446a1fb.jpg,Karate
b6b8d1cce6.jpg,Wrestling
99997520c4.jpg,Cricket
53fdd77bb8.jpg,Karate
5f98992264.jpg,Soccer
685daf2a13.jpg,Cricket
0e0fca88a6.jpg,Tennis
4c6c9114e9.jpg,Wrestling
c2498ed5ff.jpg,Soccer
7be6c552a7.jpg,Wrestling
4c9427f2a5.jpg,Swimming
0f429ae0d4.jpg,Wrestling
a6557bedd9.jpg,Karate
76266fd445.jpg,Cricket
